Type,Name,Request Count,Failure Count,Median Response Time,Average Response Time,Min Response Time,Max Response Time,Average Content Size,Requests/s,Failures/s,50%,66%,75%,80%,90%,95%,98%,99%,99.9%,99.99%,100%
GET,/questionnaire,2378,0,110.0,1050.325517180637,27.579437009990215,59836.71892801067,255.0,1.9862943817463905,0.0,110,190,300,420,660,880,1400,57000,60000,60000,60000
GET,/questionnaire/,4409,0,67,101.04892028483629,38.81396702490747,1011.4014350110665,142033.30709911545,3.6827468162825214,0.0,67,87,110,130,190,270,420,450,870,1000,1000
POST,/questionnaire/,4407,0,190.0,198.30274569656117,28.921400022227317,1393.4809649945237,250.03335602450647,3.681076257508975,0.0,190,250,290,320,420,520,690,780,1100,1400,1400
GET,/questionnaire/any-businesses-or-branches/,2205,0,68,100.08457098789766,39.1103409929201,774.8363770078868,116675.0,1.841791047834647,0.0,68,86,110,130,190,270,400,460,760,770,770
POST,/questionnaire/any-businesses-or-branches/,2205,0,75,116.2023963555303,44.52965297969058,1088.950801989995,273.0,1.841791047834647,0.0,75,100,130,150,220,320,450,580,1000,1100,1100
GET,/questionnaire/any-companies-or-branches/,2217,0,60,81.75913364813194,38.80039299838245,1232.0391439716332,116653.01262967975,1.8518144004759243,0.0,60,68,76,83,130,180,310,470,780,1200,1200
POST,/questionnaire/any-companies-or-branches/,2216,0,65,87.88833806528886,42.89444803725928,1376.9143790123053,331.0,1.850979121089151,0.0,65,73,82,89,140,190,340,450,870,1400,1400
GET,/questionnaire/any-other-companies-or-branches/,2211,0,63,81.26369920094935,39.88964098971337,1044.7744890116155,120256.0,1.8468027241552858,0.0,63,72,82,92,130,170,270,370,770,1000,1000
POST,/questionnaire/any-other-companies-or-branches/,2207,0,65,84.37071532530285,45.5205210018903,799.8199640423991,269.0,1.8434616066081935,0.0,65,73,82,90,140,190,300,370,580,800,800
GET,/questionnaire/any-other-trading-details/,2207,0,60,78.93226033271391,37.323308002669364,923.4010670334101,115357.0,1.8434616066081935,0.0,60,68,77,87,130,180,290,370,500,920,920
POST,/questionnaire/any-other-trading-details/,2207,0,65,88.59511909607205,41.994709987193346,1031.4304020139389,271.0,1.8434616066081935,0.0,65,74,83,95,140,200,340,450,990,1000,1000
GET,/questionnaire/block-379/,2367,0,120.0,198.1180067559532,39.099644985981286,1781.355215003714,116312.00295732995,1.9771063084918865,0.0,120,170,220,270,430,640,1200,1400,1800,1800,1800
POST,/questionnaire/block-379/,2360,0,120.0,215.4386791441554,45.48858798807487,3063.0532579962164,237.0,1.971259352784475,0.0,120,180,250,290,530,730,1200,1400,1800,3100,3100
GET,/questionnaire/block-381/,2359,0,110.0,185.18129740567304,38.55718701379374,1465.631025028415,120416.0,1.9704240733977019,0.0,110,160,210,250,420,600,820,1300,1500,1500,1500
POST,/questionnaire/block-381/,2350,0,95,181.48061382849303,44.59105897694826,1771.357223042287,239.0,1.9629065589167443,0.0,95,160,200,250,420,600,860,1200,1500,1800,1800
GET,/questionnaire/block-383/,2316,0,66,112.52830682409041,37.95570903457701,1286.7001459817402,115965.0,1.9345070597664593,0.0,66,87,120,140,230,340,540,670,1200,1300,1300
POST,/questionnaire/block-383/,2302,0,66,111.07257770005853,43.77777798799798,1439.5579049596563,277.0,1.9228131483516362,0.0,66,82,110,130,210,320,500,630,1400,1400,1400
GET,/questionnaire/block-4616/,2349,0,86,159.12978885987343,39.15176901500672,1458.7974559981376,116318.0,1.962071279529971,0.0,86,140,180,220,350,470,760,880,1500,1500,1500
POST,/questionnaire/block-4616/,2341,0,83,166.1765036308527,43.996689026243985,1466.1827159579843,239.0,1.9553890444357864,0.0,83,130,170,220,400,580,760,960,1500,1500,1500
GET,/questionnaire/block-4952/,2341,0,78,145.0114465365465,38.19226199993864,1775.8888500393368,116988.0,1.9553890444357864,0.0,78,130,160,190,320,450,690,780,1500,1800,1800
POST,/questionnaire/block-4952/,2331,0,79,142.450284375065,43.301644967868924,1454.204277950339,239.0,1.9470362505680556,0.0,79,120,160,180,290,430,640,920,1400,1500,1500
GET,/questionnaire/block-4953/,2331,0,76,128.36905608716984,39.538633020129055,1463.691213983111,119436.0,1.9470362505680556,0.0,76,120,150,170,270,420,570,690,1200,1500,1500
POST,/questionnaire/block-4953/,2316,0,72,127.71321065702382,43.9567860448733,1430.1816009683535,237.0,1.9345070597664593,0.0,72,100,140,160,260,400,620,760,1400,1400,1400
GET,/questionnaire/companies/add-company/?previous=any-companies-or-branches,2216,0,58,77.548872223976,36.23240499291569,991.8089830316603,115439.00631768953,1.850979121089151,0.0,58,67,74,82,120,170,280,370,760,990,990
POST,/questionnaire/companies/add-company/?previous=any-companies-or-branches,2215,0,63,82.68687500721937,43.08128700358793,958.3015430252999,307.0,1.8501438417023781,0.0,63,71,78,85,120,170,290,450,760,960,960
GET,/questionnaire/companies/{id}/companies-repeating-block-1/,2215,0,62,78.70296006896123,39.793882984668016,1010.8515540487133,117679.00632054175,1.8501438417023781,0.0,62,70,77,84,120,170,260,350,660,1000,1000
POST,/questionnaire/companies/{id}/companies-repeating-block-1/,2214,0,64,82.13876327318341,44.471734028775245,1385.3479370009154,307.0,1.849308562315605,0.0,64,72,78,85,120,170,280,420,790,1400,1400
GET,/questionnaire/companies/{id}/companies-repeating-block-2/,2214,0,61,78.8635497286204,39.81695597758517,1009.1240360052325,118716.0,1.849308562315605,0.0,61,69,77,86,120,170,250,320,770,1000,1000
POST,/questionnaire/companies/{id}/companies-repeating-block-2/,2211,0,65,83.5531357664102,43.144097027834505,1005.5006210459396,281.0,1.8468027241552858,0.0,65,73,80,87,130,180,280,410,790,1000,1000
GET,/questionnaire/currency-total-playback-1/,2253,0,59,73.70016753972317,36.32963402196765,782.1421000408009,118006.0,1.8818844583997552,0.0,59,67,75,82,120,150,190,290,760,780,780
POST,/questionnaire/currency-total-playback-1/,2250,0,61,75.06164270072865,43.27190399635583,1064.938935043756,271.0,1.8793786202394358,0.0,61,68,74,80,120,150,190,280,630,1100,1100
GET,/questionnaire/distance-calculated-summary-1/,2237,0,64,93.81065148080437,38.28945499844849,881.6248320508748,120094.0,1.8685199882113859,0.0,64,79,97,120,170,230,380,470,780,880,880
POST,/questionnaire/distance-calculated-summary-1/,2234,0,63,95.9622696373068,41.22125398134813,1558.3414799766615,273.0,1.8660141500510665,0.0,64,74,90,110,170,250,410,540,1000,1600,1600
GET,/questionnaire/distance-calculated-summary-2/,2229,0,60,101.00419740274589,38.28504297416657,1779.9649109947495,119974.08165096455,1.8618377531172012,0.0,60,71,82,99,170,290,540,760,1500,1800,1800
POST,/questionnaire/distance-calculated-summary-2/,2228,0,65,108.8028885178296,43.152465019375086,1468.293696991168,273.0,1.861002473730428,0.0,65,75,84,96,170,350,630,780,1400,1500,1500
GET,/questionnaire/distance-grand-calculated-summary/,2227,0,59,90.42117265601453,37.46419999515638,1469.0844099968672,119286.07858105074,1.860167194343655,0.0,59,68,78,88,150,220,470,570,1500,1500,1500
POST,/questionnaire/distance-grand-calculated-summary/,2225,0,65,103.16443560600511,43.7252419651486,1781.0780719737522,281.0,1.858496635570109,0.0,65,74,83,93,160,280,590,790,1400,1800,1800
GET,/questionnaire/fourth-number-block/,2229,0,61,100.80010301025919,38.6864579631947,1782.0627360488288,116460.03454463885,1.8618377531172012,0.0,61,72,85,99,160,290,560,760,1400,1800,1800
POST,/questionnaire/fourth-number-block/,2229,0,67,110.52112775123997,43.89647697098553,1565.1540740509517,277.0,1.8618377531172012,0.0,67,79,90,110,180,300,620,850,1500,1600,1600
GET,/questionnaire/grand-calculated-summary-first-number-block/,2237,0,64,92.14105581465874,39.335193985607475,1046.9703020062298,115415.0,1.8685199882113859,0.0,64,82,100,130,170,200,300,390,670,1000,1000
POST,/questionnaire/grand-calculated-summary-first-number-block/,2237,0,67,95.91122035333798,43.65495796082541,1021.080294973217,307.0,1.8685199882113859,0.0,67,80,97,120,170,230,350,440,900,1000,1000
GET,/questionnaire/grand-calculated-summary-second-number-block/,2237,0,65,92.1187830237929,38.683024991769344,940.3019010205753,116538.0,1.8685199882113859,0.0,65,82,100,120,170,200,340,430,670,940,940
POST,/questionnaire/grand-calculated-summary-second-number-block/,2237,0,68,99.90946096128226,42.52050200011581,1012.6935000298545,277.0,1.8685199882113859,0.0,68,82,100,130,180,240,400,540,860,1000,1000
GET,/questionnaire/introduction-block/,2378,2,120.0,355.61271405739564,37.95254498254508,60104.35870400397,114899.28931875525,1.9862943817463905,0.0016705587735461652,120,180,240,300,520,750,1200,1500,57000,60000,60000
POST,/questionnaire/introduction-block/,2367,0,130.0,214.87668273676078,44.42696500336751,1778.1378130312078,237.0,1.9771063084918865,0.0,130,180,260,300,530,670,1100,1400,1600,1800,1800
GET,/questionnaire/list-collector/,4539,0,63,86.65959403570987,38.93719898769632,1046.5565350023098,119260.07490636704,3.791333136563022,0.0,63,73,85,98,150,200,310,430,770,1000,1000
POST,/questionnaire/list-collector/,4528,0,64,85.61946812951261,42.20814997097477,1365.087743033655,252.00265017667846,3.7821450633085183,0.0,64,73,82,91,140,190,300,420,770,1400,1400
GET,/questionnaire/number-calculated-summary-1/,2234,0,62,91.71400672857021,37.7931619877927,1292.5751130096614,120037.0,1.8660141500510665,0.0,62,73,89,110,160,220,400,550,870,1300,1300
POST,/questionnaire/number-calculated-summary-1/,2233,0,64,100.78087184960114,42.172924033366144,1772.02032902278,305.0,1.8651788706642936,0.0,64,76,88,110,170,290,490,630,1400,1800,1800
GET,/questionnaire/number-calculated-summary-2/,2228,0,59,100.35516767201112,39.28412403911352,1780.8492159820162,119949.08482944344,1.861002473730428,0.0,59,69,81,91,160,290,580,770,1500,1800,1800
POST,/questionnaire/number-calculated-summary-2/,2227,0,65,100.57287056118331,43.169281037990004,1761.6722470265813,285.0,1.860167194343655,0.0,65,75,85,94,160,260,530,680,1500,1800,1800
GET,/questionnaire/number-grand-calculated-summary/,2225,0,60,93.52727237675506,38.178001006599516,1777.8138600406237,120284.03775280899,1.858496635570109,0.0,60,68,76,85,140,250,530,770,1400,1800,1800
POST,/questionnaire/number-grand-calculated-summary/,2219,0,63,90.43947747391667,43.94063400104642,1429.1348929982632,253.0,1.8534849592494704,0.0,63,72,79,87,140,220,420,620,1400,1400,1400
GET,/questionnaire/people/add-person/,2270,0,61,82.84268912203848,38.31650200299919,786.1259850324132,115981.0,1.8960842079748976,0.0,61,71,82,93,150,190,300,420,760,790,790
POST,/questionnaire/people/add-person/,2261,0,63,83.85993399824028,41.69837397057563,1008.3846179768443,247.0,1.8885666934939398,0.0,63,70,80,87,140,180,290,420,770,1000,1000
GET,/questionnaire/people/{id}/add-or-edit-primary-person/,2288,0,63,95.1743858662972,38.79361896542832,821.7463820474222,115833.0,1.911119236936813,0.0,63,76,92,110,170,270,420,530,770,820,820
POST,/questionnaire/people/{id}/add-or-edit-primary-person/,2278,0,64,94.5231750466903,43.13708399422467,1368.091010954231,247.0,1.9027664430690823,0.0,64,74,87,100,170,260,410,560,790,1400,1400
GET,/questionnaire/people/{id}/currency-total-playback-2/,4481,0,62,79.9927398167357,36.51220502797514,964.8497310117818,120372.0,3.742886932130183,0.0,62,73,85,97,140,170,220,290,520,960,960
POST,/questionnaire/people/{id}/currency-total-playback-2/,4480,0,64,83.24388802910627,41.31205898011103,1082.228148006834,301.0,3.74205165274341,0.0,64,73,84,97,150,180,240,290,590,1100,1100
GET,/questionnaire/people/{id}/grand-calculated-summary-third-number-block/,4483,0,62,80.16325324717593,37.952628976199776,1008.1944469711743,116269.0,3.7445574909037296,0.0,62,73,85,97,140,170,230,290,640,1000,1000
POST,/questionnaire/people/{id}/grand-calculated-summary-third-number-block/,4481,0,66,86.07690195454074,41.509722999762744,843.9479310181923,297.0,3.742886932130183,0.0,66,78,90,100,150,180,240,290,570,840,840
GET,/questionnaire/people/{id}/mutually-exclusive-checkbox/,4480,0,68,87.07058758929114,40.08607001742348,886.5720229805447,119137.0,3.74205165274341,0.0,68,80,97,110,160,190,230,290,570,890,890
POST,/questionnaire/people/{id}/mutually-exclusive-checkbox/,4478,0,70,93.03823453555927,45.726043987087905,992.554067983292,281.0,3.740381093969864,0.0,70,84,100,120,160,200,280,330,560,990,990
GET,/questionnaire/people/{id}/set-min-max-block/,4478,0,65,86.09443171997867,38.731802022084594,977.6821960113011,117993.0,3.740381093969864,0.0,65,79,94,110,160,180,250,300,530,980,980
POST,/questionnaire/people/{id}/set-min-max-block/,4477,0,69,91.06687819443748,43.97754301317036,1017.2662449767813,303.0,3.739545814583091,0.0,69,82,98,120,160,190,250,330,610,1000,1000
GET,/questionnaire/primary-person-list-collector/,2301,0,65,103.8669310453747,38.719657983165234,1372.7899699588306,115168.0,1.9219778689648632,0.0,65,82,110,130,190,300,440,560,1000,1400,1400
POST,/questionnaire/primary-person-list-collector/,2289,0,66,102.60701942780003,41.77900799550116,1384.6932709566317,299.0,1.911954516323586,0.0,66,79,99,120,170,280,470,590,1400,1400,1400
GET,/questionnaire/responsible-party-business/,2207,0,65,93.58582336252081,38.02669799188152,1047.7203609771095,116815.0,1.8434616066081935,0.0,65,80,96,110,170,240,330,450,770,1000,1000
POST,/questionnaire/responsible-party-business/,2205,0,71,103.86818032651028,45.92454503290355,1063.4390829945914,271.0,1.841791047834647,0.0,71,86,110,130,190,270,410,480,830,1100,1100
GET,/questionnaire/responsible-party/,2219,0,59,85.30361810510239,38.51079999003559,1287.821466976311,115442.03154574132,1.8534849592494704,0.0,59,68,76,83,140,210,390,550,990,1300,1300
POST,/questionnaire/responsible-party/,2217,0,65,91.41894810206904,43.42151602031663,1453.0281600309536,269.0,1.8518144004759243,0.0,65,73,81,91,150,220,390,560,1400,1500,1500
GET,/questionnaire/second-number-block/,2254,0,59,74.72388848328005,38.35493000224233,1011.4549479912966,115945.0,1.8827197377865283,0.0,59,67,74,82,120,160,220,290,760,1000,1000
POST,/questionnaire/second-number-block/,2253,0,63,78.07088844985336,43.89903700212017,652.7755939750932,269.0,1.8818844583997552,0.0,63,70,77,83,120,160,210,310,640,650,650
GET,/questionnaire/sections/calculated-summary-section/{id}/,4477,0,64,84.85589405265985,39.053407963365316,690.3933890280314,125703.48827339736,3.739545814583091,0.0,64,78,92,110,160,190,250,300,540,690,690
POST,/questionnaire/sections/calculated-summary-section/{id}/,4474,0,45,66.71445438341749,27.376701997127384,851.8225260195322,319.0,3.7370399764227717,0.0,45,53,62,72,140,180,250,350,710,850,850
GET,/questionnaire/sections/grand-calculated-summary-section-1/,2233,0,60,95.68155414930119,38.64342602901161,1780.3919870057143,123064.01253918496,1.8651788706642936,0.0,60,72,87,110,160,250,440,620,1300,1800,1800
POST,/questionnaire/sections/grand-calculated-summary-section-1/,2230,0,43,81.42672907597607,27.50871202442795,1566.8964519863948,255.0,1.8626730325039742,0.0,43,51,59,70,150,250,540,720,1400,1600,1600
GET,/questionnaire/sections/questions-section/,2249,0,59,72.36126933213515,37.64485300052911,585.5917999870144,119066.0,1.8785433408526628,0.0,59,67,74,82,110,150,190,260,580,590,590
POST,/questionnaire/sections/questions-section/,2246,0,41,54.50583221170038,28.037646028678864,634.3354560085572,333.0,1.8760375026923435,0.0,41,47,52,58,82,140,170,230,450,630,630
GET,/questionnaire/sections/section-businesses/,2204,0,68,102.53922745625901,37.84740099217743,1041.1762309959158,119297.0,1.8409557684478741,0.0,68,89,120,140,190,270,390,470,880,1000,1000
POST,/questionnaire/sections/section-businesses/,2202,0,50,92.52901310715478,27.99148397753015,1063.6040060198866,217.0,1.839285209674328,0.0,50,65,95,130,190,280,460,580,1000,1100,1100
GET,/questionnaire/sections/section-companies/,2207,0,63,85.26091205677136,39.822802995331585,780.4088559933007,133697.0,1.8434616066081935,0.0,63,74,85,96,140,200,310,400,760,780,780
POST,/questionnaire/sections/section-companies/,2207,0,43,63.78003075827752,27.69839100074023,759.8176179453731,217.0,1.8434616066081935,0.0,43,51,58,65,130,170,270,410,620,760,760
GET,/questionnaire/skip-first-block/,2258,0,61,76.00175582264914,38.164628960657865,695.7175319548696,115327.0,1.8860608553336207,0.0,61,70,79,86,120,170,210,290,540,700,700
POST,/questionnaire/skip-first-block/,2254,0,64,81.59028724706839,44.64537202147767,1077.903793018777,257.0,1.8827197377865283,0.0,64,71,78,87,120,170,250,330,1000,1100,1100
GET,/questionnaire/third-number-block/,2230,0,61,98.21137022125251,38.21674099890515,1776.4671339537017,115379.02197309418,1.8626730325039742,0.0,61,72,87,100,160,260,490,780,1400,1800,1800
POST,/questionnaire/third-number-block/,2229,0,66,105.89882482915257,43.654229026287794,1768.156062986236,257.0,1.8618377531172012,0.0,66,77,89,100,170,300,580,770,1400,1800,1800
GET,/session,2378,0,310.0,4352.923713713248,137.36424199305475,82905.96467303112,217.0,1.9862943817463905,0.0,310,400,480,560,1000,59000,72000,77000,81000,83000,83000
GET,/submitted/download-pdf?pdf_type=xhtml2pdf,2194,0,770.0,873.586071541896,360.4360960307531,3301.0672979871742,9260.540109389243,1.8326029745801433,0.0,770,890,1000,1100,1400,1700,2000,2200,2900,3300,3300
GET,/submitted/feedback/send,2190,0,130.0,205.22042512340838,38.46820199396461,1780.012168979738,118920.0,1.829261857033051,0.0,130,180,240,290,450,650,880,1200,1600,1800,1800
POST,/submitted/feedback/send,2185,0,320.0,389.85111761811027,164.803008956369,1768.6070519848727,235.0,1.8250854600991855,0.0,320,390,450,480,630,820,1200,1400,1800,1800,1800
GET,/submitted/feedback/sent,2185,0,130.0,208.37403642785154,35.50953196827322,1781.2920430442318,115282.0,1.8250854600991855,0.0,130,180,240,290,480,660,880,1400,1800,1800,1800
GET,/submitted/thank-you/,6570,0,110.0,179.54994476768167,36.78630600916222,1781.9621600210667,116377.0,5.4877855710991525,0.0,110,160,200,250,430,590,780,980,1500,1800,1800
GET,/submitted/view-response/,2199,0,120.0,166.87726510628627,46.73371399985626,1691.3433379959315,156052.0,1.8367793715140086,0.0,120,160,190,240,340,450,620,770,1200,1700,1700
,Aggregated,247165,2,66,167.07458752825104,27.376701997127384,82905.96467303112,61109.74286003277,206.45182963176896,0.0016705587735461652,66,83,110,140,230,400,650,840,2500,77000,83000
