"Type","Name","Timestamp","# requests","# failures","Requests/s","Requests Failed/s","Median response time","Average response time","Min response time","Max response time","Average Content Size","50%","66%","75%","80%","90%","95%","98%","99%","99.9%","99.99%","99.999","100%"
"None","Aggregated","1586171149",58,0,0.00,0.00,140,178,75,390.79,2628.21,0,0,0,0,0,0,0,0,0,0,0,0
"None","Aggregated","1586171151",380,0,0.00,0.00,140,158,72,579.67,4436.76,140,170,190,200,260,320,370,400,580,580,580,580
"None","Aggregated","1586171153",705,0,87.67,0.00,140,156,66,579.67,4661.25,140,170,190,210,250,300,350,380,580,580,580,580
"None","Aggregated","1586171155",1041,0,120.00,0.00,140,154,66,579.67,4762.37,140,160,180,200,250,290,350,380,480,580,580,580
"None","Aggregated","1586171157",1367,0,132.29,0.00,130,153,66,584.06,4825.41,130,160,180,200,240,290,350,390,580,580,580,580
"None","Aggregated","1586171159",1675,0,140.00,0.00,130,155,66,584.06,4850.76,130,160,180,200,240,290,350,390,580,580,580,580
"None","Aggregated","1586171161",1983,0,157.40,0.00,140,156,66,754.72,4888.82,130,160,180,200,250,290,350,400,730,750,750,750
"None","Aggregated","1586171163",2286,0,161.30,0.00,140,157,66,754.72,4946.73,140,170,190,200,250,300,370,410,730,750,750,750
"None","Aggregated","1586171165",2589,0,157.60,0.00,140,158,66,754.72,4972.79,140,170,190,210,260,310,380,410,730,750,750,750
"None","Aggregated","1586171167",2890,0,155.90,0.00,140,159,66,754.72,4991.57,140,170,200,220,270,310,370,410,730,750,750,750
"None","Aggregated","1586171169",3207,0,152.30,0.00,140,159,66,754.72,5003.12,140,170,200,210,260,300,350,400,730,750,750,750
"None","Aggregated","1586171171",3529,0,151.90,0.00,140,159,66,754.72,5043.85,140,170,200,210,260,300,340,380,450,460,460,460
"None","Aggregated","1586171173",3847,0,153.90,0.00,140,159,66,754.72,5067.94,140,170,190,200,250,300,360,380,510,530,530,530
"None","Aggregated","1586171175",4164,0,155.70,0.00,140,159,66,754.72,5062.93,140,170,190,200,250,300,360,400,510,530,530,530
"None","Aggregated","1586171177",4489,0,156.40,0.00,140,158,66,754.72,5107.64,140,160,180,200,250,290,360,380,510,530,530,530
"None","Aggregated","1586171179",4809,0,158.10,0.00,140,158,66,754.72,5108.58,140,160,180,200,250,290,350,380,510,530,530,530
"None","Aggregated","1586171181",5138,0,159.20,0.00,140,158,66,754.72,5098.23,140,160,180,200,240,290,350,390,510,530,530,530
"None","Aggregated","1586171183",5461,0,160.00,0.00,140,158,66,754.72,5090.98,140,160,180,200,240,290,330,370,480,510,510,510
"None","Aggregated","1586171185",5782,0,160.20,0.00,140,157,66,754.72,5092.10,140,160,180,200,240,290,330,360,430,470,470,470
"None","Aggregated","1586171187",6105,0,161.10,0.00,140,157,66,754.72,5116.44,140,160,180,200,240,290,340,370,430,470,470,470
"None","Aggregated","1586171189",6431,0,161.20,0.00,140,157,66,754.72,5126.72,140,160,180,200,240,300,350,380,430,470,470,470
"None","Aggregated","1586171191",6784,0,161.60,0.00,140,156,66,754.72,5121.68,140,160,180,190,230,280,340,370,470,510,510,510
"None","Aggregated","1586171193",7126,0,162.60,0.00,140,156,66,754.72,5107.94,140,160,170,180,220,280,340,360,430,510,510,510
"None","Aggregated","1586171195",7472,0,164.20,0.00,140,155,66,754.72,5106.93,140,160,170,180,210,260,300,360,430,510,510,510
"None","Aggregated","1586171197",7813,0,167.20,0.00,140,155,66,754.72,5110.54,140,160,170,180,210,250,290,330,430,510,510,510
"None","Aggregated","1586171199",8154,0,169.80,0.00,140,155,66,754.72,5112.56,140,160,170,180,210,240,280,300,430,510,510,510
"None","Aggregated","1586171201",8483,0,171.00,0.00,140,155,66,754.72,5108.41,140,160,170,180,210,250,280,310,420,430,430,430
"None","Aggregated","1586171203",8802,0,169.50,0.00,140,155,66,754.72,5109.98,140,160,170,190,220,250,290,310,400,420,420,420
"None","Aggregated","1586171205",9084,0,169.10,0.00,140,155,66,1183.53,5105.64,140,160,180,190,220,260,310,330,1100,1200,1200,1200
"None","Aggregated","1586171207",9392,0,163.70,0.00,140,156,64,1430.32,5120.38,130,160,170,190,230,270,340,850,1400,1400,1400,1400
"None","Aggregated","1586171209",9751,0,156.80,0.00,140,154,64,1487.00,5119.18,130,150,170,180,220,270,340,930,1400,1500,1500,1500
