Timestamp,User Count,Type,Name,Requests/s,Failures/s,50%,66%,75%,80%,90%,95%,98%,99%,99.9%,99.99%,100%,Total Request Count,Total Failure Count,Total Median Response Time,Total Average Response Time,Total Min Response Time,Total Max Response Time,Total Average Content Size
1606229076,1,,Aggregated,0.000000,0.000000,N/A,N/A,N/A,N/A,N/A,N/A,N/A,N/A,N/A,N/A,N/A,0,0,0,0,0,0,0
1606229077,67,,Aggregated,0.000000,0.000000,760,760,760,760,760,760,760,760,760,760,760,2,0,740.0,748.7106500047958,738.0536000127904,759.3676999968011,237.0
1606229078,80,,Aggregated,0.000000,0.000000,880,960,1100,1100,1200,1300,1400,1600,1600,1600,1600,90,0,870.0,776.0721733318254,143.5734999831766,1565.6277999805752,255.48888888888888
1606229079,80,,Aggregated,0.000000,0.000000,920,1000,1100,1200,1300,1400,1600,1600,1700,1700,1700,133,0,920.0,857.6522887206489,143.5734999831766,1677.4783000000753,258.89473684210526
1606229080,80,,Aggregated,17.000000,0.000000,940,1100,1200,1200,1400,1700,2200,2200,2200,2200,2200,146,0,940.0,924.1284349303746,143.5734999831766,2242.709799989825,260.5068493150685
1606229081,80,,Aggregated,37.666667,0.000000,960,1100,1200,1200,1600,2200,2300,2400,2600,2600,2600,151,0,960.0,972.4674754953768,143.5734999831766,2566.1681999918073,261.4503311258278
1606229082,80,,Aggregated,37.666667,0.000000,960,1100,1200,1300,1600,2200,2400,2600,2800,2800,2800,152,0,960.0,984.8123934197678,143.5734999831766,2848.8950000028126,261.63157894736844
1606229083,80,,Aggregated,29.600000,0.000000,1100,1400,2300,3400,4600,4800,5300,5300,5500,5500,5500,199,0,1100.0,1726.9785819087006,143.5734999831766,5495.48899999354,3757.5175879396984
1606229084,80,,Aggregated,25.333333,0.000000,990,1400,2900,4000,4800,5200,5500,5600,6000,6000,6000,300,0,980.0,1730.1829133334104,76.74530000076629,5994.551500014495,5998.766666666666
1606229085,80,,Aggregated,24.142857,0.000000,620,1100,1400,2600,4600,5000,5400,5600,6000,6000,6000,395,0,620.0,1353.7069744309647,71.38069998472929,5994.551500014495,6603.12911392405
1606229086,80,,Aggregated,28.625000,0.000000,430,940,1200,1500,4400,4900,5300,5600,6000,6000,6000,484,0,430.0,1172.3073309925187,71.38069998472929,5994.551500014495,6960.7086776859505
1606229087,80,,Aggregated,37.666667,0.000000,470,960,1200,1400,4300,4900,5300,5500,6000,6000,6000,552,0,460.0,1118.2491012687683,71.38069998472929,5994.551500014495,7678.170289855072
1606229088,80,,Aggregated,42.100000,0.000000,430,830,1100,1200,3600,4800,5200,5400,6000,6000,6000,668,0,420.0,991.2756160184815,71.38069998472929,5994.551500014495,8041.730538922156
1606229089,80,,Aggregated,50.300000,0.000000,310,670,960,1100,2800,4700,5200,5400,6000,6000,6000,772,0,310.0,877.6369234459934,55.439399991882965,5994.551500014495,7887.863989637306
1606229090,80,,Aggregated,54.400000,0.000000,300,500,810,1000,1700,4500,5100,5300,6000,6000,6000,918,0,300.0,779.829529084932,55.439399991882965,5994.551500014495,7706.2080610021785
1606229091,80,,Aggregated,58.500000,0.000000,280,460,710,930,1600,4300,5000,5300,5600,6000,6000,1027,0,280.0,725.6786391429955,55.439399991882965,5994.551500014495,7941.504381694255
1606229092,80,,Aggregated,67.700000,0.000000,240,410,600,830,1300,4100,4900,5300,5600,6000,6000,1160,0,240.0,663.0441828444951,55.439399991882965,5994.551500014495,8433.495689655172
1606229093,80,,Aggregated,81.700000,0.000000,210,370,520,730,1200,3800,4900,5200,5600,6000,6000,1275,0,210.0,616.2865945093754,55.439399991882965,5994.551500014495,8763.472156862745
1606229094,80,,Aggregated,93.200000,0.000000,200,350,480,620,1200,3400,4800,5200,5600,6000,6000,1402,0,200.0,578.1030417970909,55.439399991882965,5994.551500014495,9100.719686162625
1606229095,80,,Aggregated,103.500000,0.000000,170,320,440,550,1100,2800,4800,5200,5600,6000,6000,1522,0,170.0,542.0583788430847,55.439399991882965,5994.551500014495,9182.16097240473
1606229096,80,,Aggregated,109.700000,0.000000,160,290,400,500,1100,2300,4800,5100,5600,6000,6000,1655,0,160.0,508.1606893046665,55.439399991882965,5994.551500014495,9296.415709969788
1606229097,80,,Aggregated,110.700000,0.000000,150,270,370,470,1000,1800,4700,5100,5600,6000,6000,1786,0,150.0,479.8227445124045,55.439399991882965,5994.551500014495,9449.631019036955
1606229098,80,,Aggregated,115.600000,0.000000,140,240,360,430,960,1600,4700,5000,5600,6000,6000,1924,0,140.0,452.7803602906409,55.439399991882965,5994.551500014495,9555.495322245322
1606229099,80,,Aggregated,120.100000,0.000000,130,210,330,410,930,1600,4600,5000,5600,6000,6000,2056,0,130.0,429.40946249959444,55.439399991882965,5994.551500014495,9448.15807392996
1606229100,80,,Aggregated,125.400000,0.000000,130,200,320,390,880,1400,4600,5000,5600,6000,6000,2181,0,130.0,410.4889665745857,54.443800006993115,5994.551500014495,9077.254928931683
1606229101,80,,Aggregated,127.900000,0.000000,120,190,300,370,840,1300,4500,4900,5600,6000,6000,2283,0,120.0,397.1155793250543,48.66630001924932,5994.551500014495,9300.517301795882
1606229102,80,,Aggregated,128.500000,0.000000,120,190,290,360,800,1300,4500,4900,5600,6000,6000,2389,0,120.0,386.45370883179373,48.66630001924932,5994.551500014495,9574.745918794475
1606229103,80,,Aggregated,126.200000,0.000000,120,170,270,350,750,1200,4400,4900,5600,6000,6000,2503,0,120.0,373.87078278035256,48.64659998565912,5994.551500014495,9678.639232920495
1606229104,80,,Aggregated,122.100000,0.000000,120,160,260,340,700,1200,4300,4900,5600,6000,6000,2636,0,120.0,360.311355917738,48.64659998565912,5994.551500014495,9691.637329286797
1606229105,80,,Aggregated,122.400000,0.000000,120,160,240,330,630,1200,4300,4900,5600,6000,6000,2778,0,120.0,347.9343621668143,48.64659998565912,5994.551500014495,9692.582073434125
1606229106,80,,Aggregated,123.800000,0.000000,120,160,230,310,600,1200,4000,4800,5600,6000,6000,2903,0,120.0,338.7166345502632,48.64659998565912,5994.551500014495,9667.507750602825
1606229107,80,,Aggregated,123.300000,0.000000,120,150,220,300,560,1100,3900,4800,5600,6000,6000,3017,0,120.0,330.16975959542407,48.64659998565912,5994.551500014495,9680.059330460723
1606229108,80,,Aggregated,123.100000,0.000000,120,150,210,280,530,1100,3800,4800,5600,6000,6000,3151,0,120.0,322.2143550299082,48.64659998565912,5994.551500014495,9724.629641383688
1606229109,80,,Aggregated,124.600000,0.000000,120,150,200,270,510,1100,3700,4800,5600,6000,6000,3291,0,120.0,314.04310911557263,48.64659998565912,5994.551500014495,9709.113947128533
1606229110,80,,Aggregated,123.600000,0.000000,110,150,200,260,490,1100,3600,4700,5600,6000,6000,3412,0,110.0,306.06383807133324,47.23309999099001,5994.551500014495,9772.721864009378
1606229111,80,,Aggregated,121.000000,0.000000,110,150,190,250,480,1000,3400,4700,5600,6000,6000,3540,0,110.0,299.69890920888787,47.23309999099001,5994.551500014495,9818.007344632768
1606229112,80,,Aggregated,122.300000,0.000000,110,150,190,240,460,1000,2900,4700,5600,6000,6000,3676,0,110.0,293.703319205474,47.23309999099001,5994.551500014495,9874.80930359086
1606229113,80,,Aggregated,123.400000,0.000000,110,140,180,230,450,970,2800,4700,5600,6000,6000,3803,0,110.0,288.31387972637816,47.23309999099001,5994.551500014495,9936.517486195109
1606229114,80,,Aggregated,127.100000,0.000000,110,140,180,230,440,960,2600,4600,5600,6000,6000,3920,0,110.0,283.1991543110884,47.23309999099001,5994.551500014495,9995.582653061225
1606229115,80,,Aggregated,128.100000,0.000000,110,140,170,220,430,940,2400,4600,5600,6000,6000,4045,0,110.0,278.2230396042733,47.23309999099001,5994.551500014495,9989.866996291717
1606229116,80,,Aggregated,127.800000,0.000000,110,140,170,220,420,920,2300,4600,5600,6000,6000,4185,0,110.0,274.0721603104911,47.23309999099001,5994.551500014495,9964.06762246117
1606229117,80,,Aggregated,129.500000,0.000000,110,140,170,220,410,900,2200,4600,5600,6000,6000,4307,0,110.0,270.2134089388497,47.23309999099001,5994.551500014495,9908.820060366845
1606229118,80,,Aggregated,127.400000,0.000000,110,140,170,210,410,880,1900,4600,5600,6000,6000,4418,0,110.0,267.2648167043056,47.23309999099001,5994.551500014495,9900.80805794477
1606229119,80,,Aggregated,125.800000,0.000000,110,140,170,210,400,840,1700,4500,5600,6000,6000,4551,0,110.0,263.64383781573343,47.23309999099001,5994.551500014495,9902.042408261921
1606229120,80,,Aggregated,127.300000,0.000000,110,140,170,210,400,830,1700,4500,5600,6000,6000,4676,0,110.0,260.54573751057967,47.23309999099001,5994.551500014495,9882.608212147134
1606229121,80,,Aggregated,127.600000,0.000000,110,140,170,200,390,800,1600,4500,5600,6000,6000,4799,0,110.0,257.707118524553,47.23309999099001,5994.551500014495,9871.115649093561
1606229122,80,,Aggregated,125.900000,0.000000,110,140,170,200,390,760,1600,4400,5600,6000,6000,4926,0,110.0,254.71489340223667,47.23309999099001,5994.551500014495,9891.668493706862
1606229123,80,,Aggregated,124.800000,0.000000,110,140,170,200,380,740,1600,4400,5500,6000,6000,5043,0,110.0,252.18983424539985,47.23309999099001,5994.551500014495,9909.116200674202
1606229124,80,,Aggregated,126.000000,0.000000,120,140,170,200,380,720,1500,4300,5500,6000,6000,5167,0,120.0,249.84191974057626,47.23309999099001,5994.551500014495,9922.98103348171
1606229125,80,,Aggregated,124.600000,0.000000,120,140,170,200,370,700,1500,4300,5500,6000,6000,5294,0,120.0,247.56061775590567,47.23309999099001,5994.551500014495,9938.0406120136
1606229126,80,,Aggregated,123.900000,0.000000,120,140,170,200,370,680,1400,4300,5500,6000,6000,5412,0,120.0,245.28901868065452,47.23309999099001,5994.551500014495,9920.532705099778
1606229127,80,,Aggregated,122.100000,0.000000,120,140,170,200,370,670,1400,4300,5500,6000,6000,5538,0,120.0,243.25204227152813,47.23309999099001,5994.551500014495,9943.884976525822
1606229128,80,,Aggregated,124.300000,0.000000,120,140,170,200,370,650,1300,4100,5500,6000,6000,5675,0,120.0,240.93577756821836,47.23309999099001,5994.551500014495,9949.556123348018
1606229129,80,,Aggregated,123.300000,0.000000,120,140,170,190,370,620,1300,4100,5500,6000,6000,5788,0,120.0,238.84835867305856,47.23309999099001,5994.551500014495,9950.444367657221
1606229130,80,,Aggregated,122.400000,0.000000,120,140,170,190,360,610,1300,4000,5500,6000,6000,5913,0,120.0,237.06500662941127,47.23309999099001,5994.551500014495,9979.6355487908
1606229131,80,,Aggregated,123.500000,0.000000,120,140,170,190,360,580,1300,3900,5400,6000,6000,6043,0,120.0,235.42770603998684,47.23309999099001,5994.551500014495,9993.39947046169
1606229132,80,,Aggregated,123.600000,0.000000,120,140,170,190,360,570,1300,3800,5400,6000,6000,6152,0,120.0,234.34472334195482,47.23309999099001,5994.551500014495,10023.55299089727
1606229133,80,,Aggregated,122.700000,0.000000,120,140,170,190,360,560,1200,3800,5400,6000,6000,6283,0,120.0,232.58864668150275,47.23309999099001,5994.551500014495,10073.537163775267
1606229134,80,,Aggregated,122.700000,0.000000,120,140,170,190,350,540,1200,3700,5400,6000,6000,6405,0,120.0,231.1899656361728,47.23309999099001,5994.551500014495,10086.553473848557
1606229135,80,,Aggregated,122.000000,0.000000,120,140,170,190,350,530,1200,3700,5400,6000,6000,6522,0,120.0,229.7331182458767,47.23309999099001,5994.551500014495,10121.100582643361
1606229136,80,,Aggregated,121.800000,0.000000,120,140,170,190,350,520,1200,3600,5400,6000,6000,6650,0,120.0,228.52388669166425,47.23309999099001,5994.551500014495,10128.553834586466
1606229137,80,,Aggregated,123.200000,0.000000,120,140,170,190,350,510,1200,3600,5400,6000,6000,6765,0,120.0,227.24652875089453,47.23309999099001,5994.551500014495,10130.772357723577
1606229138,80,,Aggregated,121.400000,0.000000,120,150,170,200,350,510,1200,3600,5400,6000,6000,6888,0,120.0,226.39124377172425,47.23309999099001,5994.551500014495,10140.57462253194
1606229139,80,,Aggregated,122.900000,0.000000,120,150,170,190,340,500,1200,3400,5400,6000,6000,7016,0,120.0,225.066083195504,47.23309999099001,5994.551500014495,10136.345781071836
1606229140,80,,Aggregated,121.800000,0.000000,120,150,170,190,340,500,1200,3400,5400,6000,6000,7135,0,120.0,223.6789163980121,47.23309999099001,5994.551500014495,10149.62060266293
1606229141,80,,Aggregated,120.500000,0.000000,120,150,170,190,340,490,1200,3200,5400,6000,6000,7261,0,120.0,222.53002058940933,47.23309999099001,5994.551500014495,10170.385759537254
1606229142,80,,Aggregated,121.300000,0.000000,120,150,170,190,340,490,1100,2900,5400,6000,6000,7379,0,120.0,221.2162933459615,47.23309999099001,5994.551500014495,10176.576094321725
1606229143,80,,Aggregated,121.200000,0.000000,120,150,170,190,340,480,1100,2900,5400,6000,6000,7503,0,120.0,220.31599008394517,47.23309999099001,5994.551500014495,10189.844728775157
1606229144,80,,Aggregated,121.300000,0.000000,120,150,170,190,340,480,1100,2800,5400,6000,6000,7632,0,120.0,219.21358785377677,47.23309999099001,5994.551500014495,10187.772012578616
1606229145,80,,Aggregated,122.500000,0.000000,120,150,170,190,340,470,1100,2800,5400,6000,6000,7756,0,120.0,217.79257719183497,47.23309999099001,5994.551500014495,10163.889504899433
1606229146,80,,Aggregated,121.800000,0.000000,120,150,170,190,330,470,1100,2600,5400,6000,6000,7876,0,120.0,216.70436602335747,47.23309999099001,5994.551500014495,10155.249873031997
1606229147,80,,Aggregated,121.800000,0.000000,120,150,170,190,330,470,1100,2400,5300,6000,6000,8001,0,120.0,215.69046645417316,47.23309999099001,5994.551500014495,10167.948506436695
1606229148,80,,Aggregated,122.900000,0.000000,120,150,170,190,330,460,1100,2400,5300,6000,6000,8124,0,120.0,215.18453237319144,47.23309999099001,5994.551500014495,10165.813761693747
1606229149,80,,Aggregated,121.700000,0.000000,120,150,170,190,330,460,1100,2300,5300,6000,6000,8236,0,120.0,214.1670127974494,47.23309999099001,5994.551500014495,10194.498785818358
1606229150,80,,Aggregated,122.400000,0.000000,120,150,170,190,330,460,1100,2300,5300,6000,6000,8366,0,120.0,213.94897915369538,47.23309999099001,5994.551500014495,10207.712048768826
1606229151,80,,Aggregated,123.200000,0.000000,120,150,170,190,330,450,1100,2200,5300,6000,6000,8478,0,120.0,213.21083781551292,47.23309999099001,5994.551500014495,10222.064637886295
1606229152,80,,Aggregated,121.400000,0.000000,120,150,170,190,330,450,1100,2200,5300,6000,6000,8603,0,120.0,212.76667493896028,47.23309999099001,5994.551500014495,10247.821225154015
1606229153,80,,Aggregated,122.300000,0.000000,120,150,170,190,330,450,1100,2100,5300,6000,6000,8723,0,120.0,211.87632128854386,47.23309999099001,5994.551500014495,10261.491459360312
1606229154,80,,Aggregated,121.100000,0.000000,120,150,170,190,330,440,1000,1900,5300,6000,6000,8853,0,120.0,210.80929488308294,47.23309999099001,5994.551500014495,10266.92815994578
1606229155,80,,Aggregated,120.800000,0.000000,120,150,170,190,330,440,1000,1800,5300,6000,6000,8976,0,120.0,209.65017271612294,47.23309999099001,5994.551500014495,10259.154968805704
1606229156,80,,Aggregated,121.400000,0.000000,120,150,170,190,330,440,1000,1700,5300,6000,6000,9101,0,120.0,208.80888427643646,47.23309999099001,5994.551500014495,10253.736732227228
1606229157,80,,Aggregated,121.500000,0.000000,120,150,170,190,320,440,1000,1700,5300,6000,6000,9226,0,120.0,208.41163937781087,47.23309999099001,5994.551500014495,10239.984283546499
1606229158,80,,Aggregated,121.400000,0.000000,120,150,170,190,320,440,990,1700,5300,6000,6000,9345,0,120.0,207.56249106469502,47.23309999099001,5994.551500014495,10232.901551631889
1606229160,80,,Aggregated,121.900000,0.000000,120,150,170,190,330,440,980,1700,5300,6000,6000,9464,0,120.0,207.54752261196032,47.23309999099001,5994.551500014495,10222.883664412511
1606229161,80,,Aggregated,121.000000,0.000000,120,150,170,190,320,430,970,1600,5300,6000,6000,9579,0,120.0,206.83140371643773,47.23309999099001,5994.551500014495,10209.589831924
1606229162,80,,Aggregated,121.600000,0.000000,120,150,170,190,320,430,960,1600,5300,6000,6000,9710,0,120.0,206.33421495361887,47.23309999099001,5994.551500014495,10201.32780638517
1606229163,80,,Aggregated,121.600000,0.000000,120,150,170,190,320,430,960,1600,5300,6000,6000,9826,0,120.0,205.6776728067979,47.23309999099001,5994.551500014495,10184.636169346632
1606229164,80,,Aggregated,122.100000,0.000000,120,150,170,190,320,430,950,1600,5300,6000,6000,9947,0,120.0,205.0676684728753,47.23309999099001,5994.551500014495,10178.878958479943
1606229165,80,,Aggregated,121.800000,0.000000,120,150,170,190,320,430,940,1600,5300,5600,6000,10062,0,120.0,205.2792689226437,47.23309999099001,5994.551500014495,10169.822102961638
1606229166,80,,Aggregated,121.500000,0.000000,120,150,170,190,330,430,940,1600,5300,5600,6000,10176,0,120.0,204.87687747638702,47.23309999099001,5994.551500014495,10183.105051100629
1606229167,80,,Aggregated,119.800000,0.000000,120,150,170,190,320,430,930,1600,5300,5600,6000,10303,0,120.0,204.69395277100503,47.23309999099001,5994.551500014495,10208.643016597107
1606229168,80,,Aggregated,118.700000,0.000000,120,150,170,190,320,430,920,1500,5300,5600,6000,10421,0,120.0,204.31265437094402,47.23309999099001,5994.551500014495,10222.716533921888
1606229169,80,,Aggregated,119.300000,0.000000,120,150,170,190,320,430,920,1500,5300,5600,6000,10540,0,120.0,203.8075330929434,47.23309999099001,5994.551500014495,10254.114516129031
1606229170,80,,Aggregated,118.000000,0.000000,120,150,170,190,320,430,910,1500,5300,5600,6000,10669,0,120.0,202.90150117159465,47.23309999099001,5994.551500014495,10269.132064860813
1606229171,80,,Aggregated,118.600000,0.000000,120,150,170,190,320,420,900,1400,5300,5600,6000,10804,0,120.0,202.0280983246884,47.23309999099001,5994.551500014495,10275.06710477601
1606229172,80,,Aggregated,119.600000,0.000000,120,150,170,190,320,420,890,1400,5300,5600,6000,10923,0,120.0,201.1811898379357,47.23309999099001,5994.551500014495,10260.123683969605
1606229173,80,,Aggregated,121.400000,0.000000,120,150,170,190,320,420,880,1400,5300,5600,6000,11046,0,120.0,200.62526648558634,47.23309999099001,5994.551500014495,10249.541010320478
1606229174,80,,Aggregated,120.300000,0.000000,120,150,170,190,320,420,880,1400,5300,5600,6000,11175,0,120.0,200.2466523489517,47.23309999099001,5994.551500014495,10240.112125279642
1606229175,80,,Aggregated,120.800000,0.000000,120,150,170,190,320,420,870,1400,5300,5600,6000,11289,0,120.0,199.62121885901112,47.23309999099001,5994.551500014495,10230.315439808663
1606229176,80,,Aggregated,121.300000,0.000000,120,150,170,190,320,420,840,1300,5300,5600,6000,11416,0,120.0,199.85478500345724,47.23309999099001,5994.551500014495,10226.29283461808
1606229177,80,,Aggregated,121.500000,0.000000,120,150,170,190,320,420,840,1300,5300,5600,6000,11530,0,120.0,199.27610206416378,47.23309999099001,5994.551500014495,10221.854379878578
1606229178,80,,Aggregated,122.000000,0.000000,120,150,170,190,320,420,830,1300,5300,5600,6000,11646,0,120.0,199.33537125189255,47.23309999099001,5994.551500014495,10218.373003606388
1606229179,80,,Aggregated,121.700000,0.000000,130,150,170,190,320,420,830,1300,5300,5600,6000,11764,0,130.0,199.17008996936724,47.23309999099001,5994.551500014495,10223.722458347502
1606229180,80,,Aggregated,122.300000,0.000000,130,150,170,190,320,420,810,1300,5300,5600,6000,11881,0,130.0,198.95621162357102,47.23309999099001,5994.551500014495,10227.549532867604
1606229181,80,,Aggregated,121.500000,0.000000,130,150,170,190,320,420,800,1300,5200,5600,6000,12003,0,130.0,198.83930499041168,47.23309999099001,5994.551500014495,10232.076564192284
1606229182,80,,Aggregated,120.100000,0.000000,130,150,170,190,310,420,800,1300,5200,5600,6000,12126,0,130.0,198.37665735608365,47.23309999099001,5994.551500014495,10229.845538512287
1606229183,80,,Aggregated,118.300000,0.000000,130,150,170,190,310,410,790,1300,5200,5600,6000,12247,0,130.0,198.16596257856514,47.23309999099001,5994.551500014495,10221.72287090716
1606229184,80,,Aggregated,119.500000,0.000000,130,150,170,190,310,410,770,1300,5200,5600,6000,12364,0,130.0,197.76952842928537,47.23309999099001,5994.551500014495,10231.331931413783
1606229185,80,,Aggregated,118.600000,0.000000,130,150,170,200,310,420,760,1300,5200,5600,6000,12481,0,130.0,197.80749869398068,47.23309999099001,5994.551500014495,10229.80522394039
1606229186,80,,Aggregated,117.900000,0.000000,130,150,170,200,310,410,760,1200,5200,5600,6000,12593,0,130.0,197.63172686409322,47.23309999099001,5994.551500014495,10237.309378225998
1606229187,80,,Aggregated,118.100000,0.000000,130,150,180,200,320,420,750,1200,5200,5600,6000,12715,0,130.0,197.86041589456457,47.23309999099001,5994.551500014495,10246.020684231224
1606229188,80,,Aggregated,118.100000,0.000000,130,150,180,200,320,420,740,1200,5200,5600,6000,12822,0,130.0,197.8708629542568,47.23309999099001,5994.551500014495,10254.742785836843
1606229189,80,,Aggregated,117.200000,0.000000,130,150,180,200,320,420,740,1200,5200,5600,6000,12942,0,130.0,197.78529736514147,47.23309999099001,5994.551500014495,10270.371503631588
1606229190,80,,Aggregated,116.200000,0.000000,130,150,180,200,310,420,720,1200,5200,5600,6000,13063,0,130.0,197.6100023960527,47.23309999099001,5994.551500014495,10278.550639209983
1606229191,80,,Aggregated,117.000000,0.000000,130,150,180,200,310,420,720,1200,5200,5600,6000,13177,0,130.0,197.59907837136942,47.23309999099001,5994.551500014495,10294.084313576686
1606229192,80,,Aggregated,117.100000,0.000000,130,150,180,200,310,410,710,1200,5200,5600,6000,13292,0,130.0,197.44978921151406,47.23309999099001,5994.551500014495,10296.680860668072
1606229193,80,,Aggregated,115.900000,0.000000,130,150,180,200,310,420,700,1200,5200,5600,6000,13412,0,130.0,197.5053137637374,47.23309999099001,5994.551500014495,10299.618848792126
1606229194,80,,Aggregated,116.100000,0.000000,130,160,180,200,310,420,700,1200,5200,5600,6000,13521,0,130.0,197.54823329628803,47.23309999099001,5994.551500014495,10301.726277642187
1606229195,80,,Aggregated,115.100000,0.000000,130,160,180,200,320,420,700,1200,5200,5600,6000,13646,0,130.0,197.6024400996044,47.23309999099001,5994.551500014495,10306.344789681958
1606229196,80,,Aggregated,114.900000,0.000000,130,160,180,200,320,410,690,1200,5200,5600,6000,13763,0,130.0,197.30473885049858,47.23309999099001,5994.551500014495,10306.89711545448
1606229197,80,,Aggregated,115.000000,0.000000,130,160,180,200,310,410,680,1200,5200,5600,6000,13883,0,130.0,197.17578717852763,47.23309999099001,5994.551500014495,10310.838795649355
1606229198,80,,Aggregated,115.000000,0.000000,130,160,180,200,310,410,680,1200,5200,5600,6000,13987,0,130.0,197.20421751621421,47.23309999099001,5994.551500014495,10312.956102094802
1606229199,80,,Aggregated,115.200000,0.000000,130,160,180,200,320,410,670,1200,5200,5600,6000,14114,0,130.0,197.37871945581176,47.23309999099001,5994.551500014495,10323.81089698172
1606229200,80,,Aggregated,116.200000,0.000000,130,160,180,200,320,410,670,1200,5200,5600,6000,14232,0,130.0,197.0576236157505,47.23309999099001,5994.551500014495,10321.15647835863
1606229201,80,,Aggregated,115.700000,0.000000,130,160,180,200,310,410,670,1200,5200,5600,6000,14344,0,130.0,196.87473367255404,47.23309999099001,5994.551500014495,10321.455800334636
1606229202,80,,Aggregated,115.200000,0.000000,130,160,180,200,310,410,660,1200,5200,5600,6000,14469,0,130.0,196.90013908348652,47.23309999099001,5994.551500014495,10316.123850991775
1606229203,80,,Aggregated,117.300000,0.000000,130,160,180,200,310,410,650,1200,5200,5600,6000,14587,0,130.0,196.54717032281803,47.23309999099001,5994.551500014495,10308.08171659697
1606229204,80,,Aggregated,115.700000,0.000000,130,160,180,200,310,410,640,1100,5200,5600,6000,14707,0,130.0,196.45092619833582,47.23309999099001,5994.551500014495,10312.628816209968
1606229205,80,,Aggregated,116.500000,0.000000,130,160,180,200,310,410,630,1100,5200,5600,6000,14830,0,130.0,196.30389414018697,47.23309999099001,5994.551500014495,10315.693459204316
1606229206,80,,Aggregated,117.000000,0.000000,130,160,180,200,310,410,630,1100,5200,5600,6000,14938,0,130.0,196.00259080191006,47.23309999099001,5994.551500014495,10318.210737715892
1606229207,80,,Aggregated,117.400000,0.000000,130,160,180,210,310,410,620,1100,5200,5600,6000,15072,0,130.0,196.14576211511297,47.23309999099001,5994.551500014495,10332.62002388535
1606229208,80,,Aggregated,117.600000,0.000000,130,160,180,210,310,410,620,1100,5200,5600,6000,15169,0,130.0,196.0879361196489,47.23309999099001,5994.551500014495,10330.307666952336
1606229209,80,,Aggregated,117.800000,0.000000,130,160,190,210,320,410,620,1100,5200,5600,6000,15288,0,130.0,196.5120285648349,47.23309999099001,5994.551500014495,10346.403780743067
1606229210,80,,Aggregated,116.600000,0.000000,130,160,190,210,320,410,620,1100,5200,5600,6000,15405,0,130.0,196.39494656275133,47.23309999099001,5994.551500014495,10350.545407335281
1606229211,80,,Aggregated,116.600000,0.000000,130,160,190,210,320,410,620,1100,5200,5600,6000,15517,0,130.0,196.24738180056383,47.23309999099001,5994.551500014495,10357.113359541148
1606229212,80,,Aggregated,116.200000,0.000000,130,160,190,210,320,410,620,1100,5200,5600,6000,15643,0,130.0,196.33834992643375,47.23309999099001,5994.551500014495,10356.634277312536
1606229213,80,,Aggregated,115.900000,0.000000,130,160,190,210,320,410,620,1100,5200,5600,6000,15761,0,130.0,195.98350303910289,47.23309999099001,5994.551500014495,10353.76410126261
1606229214,80,,Aggregated,115.700000,0.000000,130,160,190,210,320,410,610,1100,5200,5600,6000,15885,0,130.0,195.8336648473032,47.23309999099001,5994.551500014495,10349.83695310041
1606229215,80,,Aggregated,116.400000,0.000000,130,160,190,210,310,410,610,1100,5100,5600,6000,16007,0,130.0,195.4283053601227,47.23309999099001,5994.551500014495,10343.567626663335
1606229216,80,,Aggregated,116.100000,0.000000,130,160,190,210,310,410,610,1100,5100,5600,6000,16129,0,130.0,195.08648273293883,47.23309999099001,5994.551500014495,10335.681629363258
1606229217,80,,Aggregated,116.700000,0.000000,130,160,190,210,310,410,600,1100,5100,5600,6000,16260,0,130.0,194.769042804403,47.23309999099001,5994.551500014495,10327.312361623617
1606229218,80,,Aggregated,116.900000,0.000000,130,160,190,210,310,410,600,1100,5100,5600,6000,16380,0,130.0,194.36865229546135,47.23309999099001,5994.551500014495,10318.195726495727
1606229219,80,,Aggregated,117.600000,0.000000,130,160,190,210,310,410,590,1100,5100,5600,6000,16499,0,130.0,194.13505524573858,47.23309999099001,5994.551500014495,10313.69907267107
1606229220,80,,Aggregated,119.000000,0.000000,130,160,190,210,310,410,580,1100,5100,5600,6000,16624,0,130.0,193.9901461681596,47.23309999099001,5994.551500014495,10305.815567853706
1606229221,80,,Aggregated,120.100000,0.000000,130,160,190,210,310,410,580,1100,5100,5600,6000,16740,0,130.0,193.62111403222593,47.23309999099001,5994.551500014495,10303.835842293907
1606229222,80,,Aggregated,120.400000,0.000000,130,160,190,210,310,410,580,1100,5100,5600,6000,16865,0,130.0,193.49214210491948,47.23309999099001,5994.551500014495,10305.580136377112
1606229223,80,,Aggregated,120.700000,0.000000,130,160,190,210,310,410,580,1100,5100,5600,6000,16984,0,130.0,193.40273573949364,47.23309999099001,5994.551500014495,10312.825423928403
1606229224,80,,Aggregated,121.700000,0.000000,130,160,190,210,310,410,570,1100,5100,5600,6000,17098,0,130.0,193.5348997192354,47.23309999099001,5994.551500014495,10316.75839279448
1606229225,80,,Aggregated,121.400000,0.000000,130,160,190,210,310,410,570,1100,5100,5600,6000,17213,0,130.0,193.57982431298728,47.23309999099001,5994.551500014495,10328.296868645792
1606229226,80,,Aggregated,121.300000,0.000000,130,160,190,210,310,410,570,1100,5100,5600,6000,17326,0,130.0,193.66153432410175,47.23309999099001,5994.551500014495,10331.984301050445
1606229227,80,,Aggregated,119.500000,0.000000,130,160,190,210,310,410,570,1100,5100,5600,6000,17447,0,130.0,193.70247183465906,47.23309999099001,5994.551500014495,10347.446437782999
1606229228,80,,Aggregated,118.900000,0.000000,130,160,190,210,310,410,570,1100,5100,5600,6000,17565,0,130.0,193.6197972331002,47.23309999099001,5994.551500014495,10357.200284656989
1606229229,80,,Aggregated,117.900000,0.000000,130,160,190,210,310,410,570,1100,5100,5600,6000,17692,0,130.0,193.35667546344575,47.23309999099001,5994.551500014495,10363.976938729369
1606229230,80,,Aggregated,117.600000,0.000000,130,160,190,210,310,410,560,1000,5100,5600,6000,17817,0,130.0,192.95671988546843,47.23309999099001,5994.551500014495,10366.691081551327
1606229231,80,,Aggregated,116.300000,0.000000,130,160,190,210,310,400,560,1000,5100,5600,6000,17943,0,130.0,192.51748150250978,47.23309999099001,5994.551500014495,10372.179791562168
1606229232,80,,Aggregated,117.900000,0.000000,130,160,190,210,310,400,560,1000,5100,5600,6000,18073,0,130.0,192.09688643831083,47.23309999099001,5994.551500014495,10372.940463675095
1606229233,80,,Aggregated,118.700000,0.000000,130,160,190,210,310,400,560,1000,5100,5600,6000,18191,0,130.0,191.74189427187105,47.23309999099001,5994.551500014495,10370.516519157825
1606229234,80,,Aggregated,118.300000,0.000000,130,160,190,210,310,400,560,1000,5100,5600,6000,18317,0,130.0,191.63977482118503,47.23309999099001,5994.551500014495,10374.747939072993
1606229235,80,,Aggregated,119.600000,0.000000,130,160,190,210,310,400,560,1000,5100,5600,6000,18440,0,130.0,191.4330561767738,47.23309999099001,5994.551500014495,10381.543329718004
1606229236,80,,Aggregated,119.500000,0.000000,130,160,190,210,310,400,550,1000,5100,5600,6000,18554,0,130.0,191.39907736874488,47.23309999099001,5994.551500014495,10390.542524523014
1606229237,80,,Aggregated,120.500000,0.000000,130,160,190,210,310,400,550,1000,5100,5600,6000,18670,0,130.0,191.56983480448895,47.23309999099001,5994.551500014495,10387.448044991967
1606229238,80,,Aggregated,121.200000,0.000000,130,160,190,210,310,400,550,990,5100,5600,6000,18778,0,130.0,191.81974103204712,47.23309999099001,5994.551500014495,10382.952018319309
1606229239,80,,Aggregated,120.800000,0.000000,130,160,190,210,310,410,560,990,5100,5600,6000,18904,0,130.0,192.23744677317387,47.23309999099001,5994.551500014495,10367.391345746932
1606229240,80,,Aggregated,121.000000,0.000000,130,160,190,210,310,410,560,980,5000,5600,6000,19034,0,130.0,192.3594726174222,47.23309999099001,5994.551500014495,10357.437375223284
1606229241,80,,Aggregated,119.900000,0.000000,130,160,190,210,310,410,560,980,5000,5600,6000,19156,0,130.0,192.36151005951544,47.23309999099001,5994.551500014495,10340.85555439549
1606229242,80,,Aggregated,120.500000,0.000000,130,160,190,210,310,410,560,970,5000,5600,6000,19297,0,130.0,192.17620906358644,47.23309999099001,5994.551500014495,10333.269264652537
1606229243,80,,Aggregated,119.300000,0.000000,130,160,190,210,310,410,560,960,5000,5600,6000,19435,0,130.0,192.00654596860804,47.23309999099001,5994.551500014495,10320.172523797273
1606229244,80,,Aggregated,120.300000,0.000000,130,160,190,210,310,410,550,960,5000,5600,6000,19557,0,130.0,191.65282142967746,47.23309999099001,5994.551500014495,10305.872219665593
1606229245,80,,Aggregated,119.900000,0.000000,130,160,190,210,310,410,550,960,5000,5600,6000,19704,0,130.0,191.57147788267676,47.23309999099001,5994.551500014495,10302.409916768169
1606229246,80,,Aggregated,122.700000,0.000000,130,160,190,210,310,410,550,960,5000,5600,6000,19836,0,130.0,191.33051852692907,47.23309999099001,5994.551500014495,10296.367614438395
1606229247,80,,Aggregated,122.600000,0.000000,130,160,190,210,310,410,550,960,5000,5600,6000,19961,0,130.0,190.97711509944682,47.23309999099001,5994.551500014495,10297.261910725916
1606229248,80,,Aggregated,124.500000,0.000000,130,160,190,210,310,410,550,950,5000,5600,6000,20100,0,130.0,190.78875985572665,47.23309999099001,5994.551500014495,10302.635223880598
1606229249,80,,Aggregated,127.300000,0.000000,130,160,190,210,310,400,550,940,5000,5600,6000,20229,0,130.0,190.58383817292884,47.23309999099001,5994.551500014495,10309.793514261704
1606229250,80,,Aggregated,128.300000,0.000000,130,160,190,210,310,400,540,940,5000,5600,6000,20341,0,130.0,190.15438609706092,47.23309999099001,5994.551500014495,10312.453714173345
1606229251,80,,Aggregated,130.400000,0.000000,130,160,190,210,310,400,540,940,5000,5600,6000,20474,0,130.0,189.9325680228784,47.23309999099001,5994.551500014495,10316.511380287193
1606229252,80,,Aggregated,130.100000,0.000000,130,160,190,210,310,400,540,940,5000,5600,6000,20611,0,130.0,189.6154387026488,47.23309999099001,5994.551500014495,10316.94619378002
1606229254,80,,Aggregated,129.300000,0.000000,130,160,190,210,310,400,540,930,5000,5600,6000,20727,0,130.0,189.21815166209535,47.23309999099001,5994.551500014495,10309.941477300139
1606229255,80,,Aggregated,130.200000,0.000000,130,160,190,210,310,400,540,930,5000,5600,6000,20846,0,130.0,188.84566952893832,47.23309999099001,5994.551500014495,10302.47726182481
1606229256,80,,Aggregated,127.200000,0.000000,130,160,190,210,310,400,540,920,5000,5600,6000,20972,0,130.0,188.4958394478457,47.23309999099001,5994.551500014495,10298.78051687965
1606229257,80,,Aggregated,127.300000,0.000000,130,160,190,210,310,400,540,920,5000,5600,6000,21096,0,130.0,187.99849630737035,47.23309999099001,5994.551500014495,10303.387656427758
1606229258,80,,Aggregated,125.800000,0.000000,130,160,190,210,310,400,530,920,5000,5600,6000,21219,0,130.0,187.56497136531038,47.23309999099001,5994.551500014495,10297.13530326594
1606229259,80,,Aggregated,124.200000,0.000000,130,160,190,210,310,400,530,920,5000,5600,6000,21327,0,130.0,187.26545432084518,47.23309999099001,5994.551500014495,10304.191447460966
1606229260,80,,Aggregated,123.500000,0.000000,130,160,190,210,310,400,530,910,5000,5600,6000,21438,0,130.0,186.92526993659303,47.23309999099001,5994.551500014495,10313.01935814908
1606229261,80,,Aggregated,120.400000,0.000000,130,160,190,210,310,400,530,910,5000,5600,6000,21584,0,130.0,186.57730419759758,47.23309999099001,5994.551500014495,10315.174203113418
1606229262,80,,Aggregated,119.700000,0.000000,130,160,180,210,310,400,530,900,5000,5600,6000,21710,0,130.0,186.2970663335158,47.23309999099001,5994.551500014495,10308.34882542607
1606229263,80,,Aggregated,122.500000,0.000000,130,160,180,210,300,400,530,890,5000,5600,6000,21834,0,130.0,185.91332696255918,47.23309999099001,5994.551500014495,10308.516442246038
1606229264,80,,Aggregated,121.700000,0.000000,130,160,180,210,300,400,530,890,5000,5600,6000,21965,0,130.0,185.46737164126472,47.23309999099001,5994.551500014495,10305.05608923287
1606229265,80,,Aggregated,120.800000,0.000000,130,160,180,200,300,400,530,880,4900,5600,6000,22095,0,130.0,185.11718310930405,47.23309999099001,5994.551500014495,10310.999230595156
1606229266,80,,Aggregated,121.900000,0.000000,130,160,180,200,300,400,530,880,4900,5600,6000,22238,0,130.0,184.70610559401578,47.23309999099001,5994.551500014495,10313.078829031389
1606229267,80,,Aggregated,123.800000,0.000000,130,160,180,200,300,400,520,880,4900,5600,6000,22361,0,130.0,184.35898040336912,47.23309999099001,5994.551500014495,10313.878091319708
1606229268,80,,Aggregated,124.600000,0.000000,130,160,180,200,300,400,520,880,4900,5600,6000,22491,0,130.0,183.93247503888483,47.23309999099001,5994.551500014495,10322.520830554444
1606229269,80,,Aggregated,124.400000,0.000000,130,160,180,200,300,400,520,870,4900,5600,6000,22620,0,130.0,183.5525684792063,47.23309999099001,5994.551500014495,10325.952519893899
1606229270,80,,Aggregated,125.000000,0.000000,130,160,180,200,300,400,520,860,4900,5600,6000,22753,0,130.0,183.21460971298401,47.23309999099001,5994.551500014495,10326.437436821518
1606229271,80,,Aggregated,128.800000,0.000000,130,160,180,200,300,390,520,860,4900,5600,6000,22886,0,130.0,182.8699711307915,47.23309999099001,5994.551500014495,10325.28742462641
1606229272,80,,Aggregated,129.700000,0.000000,130,160,180,200,300,390,520,840,4900,5600,6000,23005,0,130.0,182.61146990650903,47.23309999099001,5994.551500014495,10318.566702890676
1606229273,80,,Aggregated,128.400000,0.000000,130,160,180,200,300,390,520,840,4900,5600,6000,23127,0,130.0,182.3703300081889,47.23309999099001,5994.551500014495,10317.987157867428
1606229274,80,,Aggregated,127.600000,0.000000,130,160,180,200,300,390,510,840,4900,5600,6000,23271,0,130.0,182.10785499975452,47.23309999099001,5994.551500014495,10310.966138111813
1606229275,80,,Aggregated,128.800000,0.000000,130,160,180,200,300,390,510,840,4900,5600,6000,23384,0,130.0,182.0006681320204,47.23309999099001,5994.551500014495,10303.853788915498
1606229276,80,,Aggregated,129.400000,0.000000,130,160,180,200,300,390,510,830,4900,5600,6000,23500,0,130.0,181.8145814127284,47.23309999099001,5994.551500014495,10302.557021276596
1606229277,80,,Aggregated,125.900000,0.000000,130,160,180,200,300,390,510,830,4900,5600,6000,23637,0,130.0,181.73568388540215,47.23309999099001,5994.551500014495,10303.657486144604
1606229278,80,,Aggregated,125.500000,0.000000,130,160,180,200,300,390,510,830,4900,5600,6000,23751,0,130.0,181.53539773480907,47.23309999099001,5994.551500014495,10299.873100079996
1606229279,80,,Aggregated,126.500000,0.000000,130,160,180,200,300,390,510,830,4900,5600,6000,23875,0,130.0,181.53847986175197,47.23309999099001,5994.551500014495,10301.221696335078
1606229280,80,,Aggregated,124.900000,0.000000,130,160,180,200,300,390,510,810,4900,5600,6000,24004,0,130.0,181.294918659361,47.23309999099001,5994.551500014495,10300.541576403934
1606229281,80,,Aggregated,123.900000,0.000000,130,160,180,200,300,390,510,800,4900,5600,6000,24131,0,130.0,181.11825409221717,47.23309999099001,5994.551500014495,10299.744602378683
1606229282,80,,Aggregated,123.600000,0.000000,130,150,180,200,290,390,510,800,4900,5600,6000,24254,0,130.0,180.88831161867455,47.23309999099001,5994.551500014495,10301.444710150903
1606229283,80,,Aggregated,122.600000,0.000000,130,150,180,200,290,390,510,800,4900,5600,6000,24385,0,130.0,180.6991828992934,47.23309999099001,5994.551500014495,10301.105269632972
1606229284,80,,Aggregated,123.900000,0.000000,130,150,180,200,290,390,510,800,4900,5600,6000,24507,0,130.0,180.43886750314783,47.23309999099001,5994.551500014495,10302.071040927081
1606229285,80,,Aggregated,123.000000,0.000000,130,150,180,200,290,390,510,800,4900,5600,6000,24631,0,130.0,180.23429956557538,47.23309999099001,5994.551500014495,10303.640534286062
1606229286,80,,Aggregated,122.000000,0.000000,130,150,180,200,290,390,510,800,4900,5600,6000,24769,0,130.0,179.9554531430259,47.23309999099001,5994.551500014495,10309.158020105777
1606229287,80,,Aggregated,124.400000,0.000000,130,150,180,200,290,390,510,790,4900,5600,6000,24898,0,130.0,179.70693936057262,47.23309999099001,5994.551500014495,10313.466663989075
1606229288,80,,Aggregated,124.200000,0.000000,130,150,180,200,290,390,510,780,4900,5600,6000,25010,0,130.0,179.5904936945026,47.23309999099001,5994.551500014495,10317.297840863655
1606229289,80,,Aggregated,123.500000,0.000000,130,150,180,200,290,390,510,770,4900,5600,6000,25142,0,130.0,179.59945655873258,47.23309999099001,5994.551500014495,10323.744451515393
1606229290,80,,Aggregated,124.800000,0.000000,130,150,180,200,290,390,500,770,4900,5600,6000,25264,0,130.0,179.398428977978,47.23309999099001,5994.551500014495,10325.431008549715
1606229291,80,,Aggregated,124.300000,0.000000,130,150,180,200,290,390,500,770,4900,5600,6000,25380,0,130.0,179.20872128446405,47.23309999099001,5994.551500014495,10331.229905437352
1606229292,80,,Aggregated,123.100000,0.000000,130,150,180,200,290,390,500,760,4900,5600,6000,25516,0,130.0,179.1297585985199,47.23309999099001,5994.551500014495,10332.66969744474
1606229293,80,,Aggregated,124.900000,0.000000,130,150,180,200,290,390,500,760,4900,5600,6000,25631,0,130.0,179.054176528409,47.23309999099001,5994.551500014495,10332.973352580859
1606229294,80,,Aggregated,124.200000,0.000000,130,150,180,200,290,390,500,760,4900,5600,6000,25758,0,130.0,178.90180599423442,47.23309999099001,5994.551500014495,10335.38644304682
1606229295,80,,Aggregated,122.700000,0.000000,130,150,180,200,290,390,500,760,4900,5600,6000,25893,0,130.0,178.6710217664816,47.23309999099001,5994.551500014495,10336.540184605878
1606229296,80,,Aggregated,123.700000,0.000000,130,150,180,200,290,390,500,750,4900,5600,6000,26015,0,130.0,178.41277738226685,47.23309999099001,5994.551500014495,10338.633519123583
1606229297,80,,Aggregated,122.900000,0.000000,130,150,180,200,290,390,500,750,4900,5600,6000,26141,0,130.0,178.1736752763739,47.23309999099001,5994.551500014495,10339.558203588233
1606229298,80,,Aggregated,123.500000,0.000000,130,150,180,200,290,390,500,750,4900,5600,6000,26270,0,130.0,177.99189525693905,47.23309999099001,5994.551500014495,10341.156718690521
1606229299,80,,Aggregated,123.500000,0.000000,130,150,180,200,290,390,500,740,4900,5600,6000,26404,0,130.0,177.79793105588627,47.23309999099001,5994.551500014495,10341.075632479928
1606229300,80,,Aggregated,123.900000,0.000000,130,150,180,200,290,390,500,740,4900,5600,6000,26531,0,130.0,177.4744081941699,47.23309999099001,5994.551500014495,10338.245938713204
1606229301,80,,Aggregated,124.200000,0.000000,130,150,180,200,290,390,500,740,4900,5600,6000,26655,0,130.0,177.3077926279973,47.23309999099001,5994.551500014495,10337.617670230726
1606229302,80,,Aggregated,125.800000,0.000000,130,150,180,200,290,390,500,740,4900,5600,6000,26790,0,130.0,177.11914636055957,47.23309999099001,5994.551500014495,10339.973310936917
1606229303,80,,Aggregated,124.700000,0.000000,130,150,180,200,280,390,490,730,4900,5600,6000,26904,0,130.0,176.84176756243073,47.23309999099001,5994.551500014495,10339.718777876895
1606229304,80,,Aggregated,125.100000,0.000000,130,150,180,200,280,390,490,730,4900,5600,6000,27035,0,130.0,176.76637810244588,47.23309999099001,5994.551500014495,10343.230442019605
1606229305,80,,Aggregated,127.000000,0.000000,130,150,180,200,280,390,490,720,4900,5600,6000,27172,0,130.0,176.52090865227154,47.23309999099001,5994.551500014495,10346.195421757691
1606229306,80,,Aggregated,126.500000,0.000000,130,150,180,200,280,390,490,720,4900,5600,6000,27297,0,130.0,176.2619201304026,47.23309999099001,5994.551500014495,10350.788914532732
1606229307,80,,Aggregated,126.000000,0.000000,130,150,170,190,280,380,490,720,4900,5600,6000,27430,0,130.0,176.00402908494664,47.23309999099001,5994.551500014495,10356.019321910317
1606229308,80,,Aggregated,125.900000,0.000000,130,150,180,200,280,380,490,720,4900,5600,6000,27539,0,130.0,176.0456007117161,47.23309999099001,5994.551500014495,10355.353208177494
1606229309,80,,Aggregated,126.600000,0.000000,130,150,180,200,280,380,490,720,4900,5600,6000,27660,0,130.0,176.03216345625668,47.23309999099001,5994.551500014495,10357.719016630514
1606229310,80,,Aggregated,126.700000,0.000000,130,150,180,200,280,380,490,710,4900,5600,6000,27798,0,130.0,175.86866646521528,47.23309999099001,5994.551500014495,10357.811029570472
1606229311,80,,Aggregated,125.800000,0.000000,130,150,180,200,280,380,490,710,4900,5600,6000,27911,0,130.0,175.85462846547225,47.23309999099001,5994.551500014495,10353.82411952277
1606229312,80,,Aggregated,124.700000,0.000000,130,150,180,200,280,380,490,710,4800,5600,6000,28039,0,130.0,175.72567643282193,47.23309999099001,5994.551500014495,10352.631049609472
1606229313,80,,Aggregated,124.200000,0.000000,130,150,180,190,280,380,490,700,4800,5600,6000,28166,0,130.0,175.57708492152963,47.23309999099001,5994.551500014495,10348.098487538167
1606229314,80,,Aggregated,123.800000,0.000000,130,150,180,190,280,380,490,700,4800,5600,6000,28290,0,130.0,175.5121266949349,47.23309999099001,5994.551500014495,10341.863732767762
1606229315,80,,Aggregated,122.800000,0.000000,130,150,180,190,280,380,490,700,4800,5600,6000,28415,0,130.0,175.39741498854548,47.23309999099001,5994.551500014495,10340.439521379552
1606229316,80,,Aggregated,122.900000,0.000000,130,150,170,190,280,380,490,700,4800,5600,6000,28540,0,130.0,175.2316579432194,47.23309999099001,5994.551500014495,10335.478416257884
1606229317,80,,Aggregated,124.200000,0.000000,130,150,170,190,280,380,490,700,4800,5600,6000,28666,0,130.0,175.09299219282875,47.23309999099001,5994.551500014495,10333.512628200655
1606229318,80,,Aggregated,122.600000,0.000000,130,150,170,190,280,380,490,700,4800,5600,6000,28790,0,130.0,174.92761960748695,47.23309999099001,5994.551500014495,10331.95456755818
1606229319,80,,Aggregated,122.700000,0.000000,130,150,170,190,280,380,490,690,4800,5600,6000,28927,0,130.0,174.702642130174,47.23309999099001,5994.551500014495,10332.745462716493
1606229320,80,,Aggregated,122.000000,0.000000,130,150,170,190,280,380,490,690,4800,5600,6000,29056,0,130.0,174.59353785102732,47.23309999099001,5994.551500014495,10336.731139867841
1606229321,80,,Aggregated,122.500000,0.000000,130,150,170,190,280,380,490,690,4800,5600,6000,29167,0,130.0,174.4258468337356,47.23309999099001,5994.551500014495,10339.91672095176
1606229322,80,,Aggregated,123.800000,0.000000,130,150,170,190,280,380,490,690,4800,5600,6000,29297,0,130.0,174.32528239408518,47.23309999099001,5994.551500014495,10345.621428815237
1606229323,80,,Aggregated,124.600000,0.000000,130,150,170,190,280,380,480,690,4800,5600,6000,29430,0,130.0,174.1743087495569,47.23309999099001,5994.551500014495,10350.87835541964
1606229324,80,,Aggregated,123.900000,0.000000,130,150,170,190,280,380,480,690,4800,5600,6000,29550,0,130.0,173.939789329934,47.23309999099001,5994.551500014495,10348.988257191202
1606229325,80,,Aggregated,124.300000,0.000000,130,150,170,190,280,380,490,690,4800,5600,6000,29683,0,130.0,174.01063841591227,47.23309999099001,5994.551500014495,10353.945456995587
1606229327,80,,Aggregated,124.900000,0.000000,130,150,170,190,280,380,490,690,4800,5600,6000,29775,0,130.0,174.06660453398948,47.23309999099001,5994.551500014495,10346.972695214106
1606229328,80,,Aggregated,125.100000,0.000000,130,150,170,190,280,380,490,700,4800,5600,6000,29893,0,130.0,174.49162095139056,47.23309999099001,5994.551500014495,10349.968186531964
1606229329,80,,Aggregated,121.100000,0.000000,130,150,170,190,280,380,490,700,4800,5600,6000,30021,0,130.0,174.52956478797879,47.23309999099001,5994.551500014495,10343.502115186036
1606229330,80,,Aggregated,120.500000,0.000000,130,150,170,190,280,380,490,690,4800,5600,6000,30125,0,130.0,174.45046225726074,47.23309999099001,5994.551500014495,10340.57065560166
1606229331,80,,Aggregated,121.000000,0.000000,130,150,170,190,280,380,490,690,4800,5600,6000,30248,0,130.0,174.50899850898983,47.23309999099001,5994.551500014495,10339.719617825973
1606229332,80,,Aggregated,118.200000,0.000000,130,150,170,190,280,380,490,690,4800,5600,6000,30386,0,130.0,174.4320043474004,47.23309999099001,5994.551500014495,10338.435825709208
1606229333,80,,Aggregated,117.700000,0.000000,130,150,170,190,280,380,490,690,4800,5600,6000,30503,0,130.0,174.22807849064634,47.23309999099001,5994.551500014495,10336.061305445366
1606229334,80,,Aggregated,119.500000,0.000000,130,150,170,190,280,380,490,690,4800,5600,6000,30633,0,130.0,174.18139718931232,47.23309999099001,5994.551500014495,10337.71210785754
1606229335,80,,Aggregated,118.900000,0.000000,130,150,170,190,280,380,490,690,4800,5600,6000,30758,0,130.0,174.10450286105151,47.23309999099001,5994.551500014495,10336.064861174329
1606229336,80,,Aggregated,118.100000,0.000000,130,150,170,190,280,380,490,690,4800,5600,6000,30881,0,130.0,173.9533796315036,47.23309999099001,5994.551500014495,10337.162397590751
1606229337,80,,Aggregated,118.300000,0.000000,130,150,170,190,280,380,490,680,4800,5600,6000,31009,0,130.0,173.84114532234113,47.23309999099001,5994.551500014495,10337.072430584669
1606229338,80,,Aggregated,117.600000,0.000000,130,150,170,190,280,380,490,680,4800,5600,6000,31132,0,130.0,173.67100317680567,47.23309999099001,5994.551500014495,10338.028427341642
1606229339,80,,Aggregated,121.900000,0.000000,130,150,170,190,280,380,480,680,4800,5600,6000,31263,0,130.0,173.56025858683907,47.23309999099001,5994.551500014495,10339.797364296453
1606229340,80,,Aggregated,122.100000,0.000000,130,150,170,190,280,380,480,670,4800,5600,6000,31388,0,130.0,173.45739864598792,47.23309999099001,5994.551500014495,10341.414617051103
1606229341,80,,Aggregated,122.500000,0.000000,130,150,170,190,280,380,480,670,4800,5600,6000,31519,0,130.0,173.28328471081727,47.23309999099001,5994.551500014495,10344.236777816555
1606229342,80,,Aggregated,124.100000,0.000000,130,150,170,190,270,380,480,670,4800,5600,6000,31642,0,130.0,173.19036839959747,47.23309999099001,5994.551500014495,10347.817679034195
1606229343,80,,Aggregated,124.800000,0.000000,130,150,170,190,270,380,480,670,4800,5600,6000,31760,0,130.0,173.17119108311837,47.23309999099001,5994.551500014495,10350.320088161208
1606229344,80,,Aggregated,123.800000,0.000000,130,150,170,190,270,380,480,670,4800,5600,6000,31877,0,130.0,173.1614169777552,47.23309999099001,5994.551500014495,10355.148006399599
1606229345,80,,Aggregated,123.500000,0.000000,130,150,170,190,270,380,480,670,4800,5600,6000,32010,0,130.0,173.21601052483464,47.23309999099001,5994.551500014495,10358.74514214308
1606229346,80,,Aggregated,123.300000,0.000000,130,150,170,190,270,380,480,670,4800,5600,6000,32118,0,130.0,173.16965335014964,47.23309999099001,5994.551500014495,10360.127747680428
1606229347,80,,Aggregated,123.100000,0.000000,130,150,170,190,270,380,480,670,4800,5600,6000,32243,0,130.0,173.1804424371294,47.23309999099001,5994.551500014495,10364.874856558012
1606229348,80,,Aggregated,121.900000,0.000000,130,150,170,190,270,380,480,670,4800,5600,6000,32366,0,130.0,173.1205612958125,47.23309999099001,5994.551500014495,10361.719613174319
1606229349,80,,Aggregated,121.900000,0.000000,130,150,170,190,270,380,480,670,4800,5600,6000,32493,0,130.0,172.97255763088313,47.23309999099001,5994.551500014495,10365.984612070291
1606229350,80,,Aggregated,121.200000,0.000000,130,150,170,190,270,380,480,660,4800,5600,6000,32617,0,130.0,172.95507878715074,47.23309999099001,5994.551500014495,10365.61253334151
1606229351,80,,Aggregated,121.400000,0.000000,130,150,170,190,270,380,480,660,4800,5600,6000,32737,0,130.0,172.93710846749514,47.23309999099001,5994.551500014495,10367.684760362892
1606229352,80,,Aggregated,121.400000,0.000000,130,150,170,190,270,380,480,660,4800,5600,6000,32847,0,130.0,172.87599856304385,47.23309999099001,5994.551500014495,10367.560172922946
1606229353,80,,Aggregated,119.500000,0.000000,130,150,170,190,270,380,480,660,4800,5600,6000,32979,0,130.0,172.96641644077633,47.23309999099001,5994.551500014495,10369.628460535492
1606229354,80,,Aggregated,120.000000,0.000000,130,150,170,190,270,380,480,660,4800,5600,6000,33089,0,130.0,172.98434768655747,47.23309999099001,5994.551500014495,10366.145244643234
1606229355,80,,Aggregated,120.200000,0.000000,130,150,170,190,270,380,480,660,4800,5600,6000,33212,0,130.0,172.88085182766574,47.23309999099001,5994.551500014495,10368.799801276647
1606229356,80,,Aggregated,119.100000,0.000000,130,150,170,190,270,380,480,660,4800,5600,6000,33353,0,130.0,172.80046995174123,47.23309999099001,5994.551500014495,10369.21953047702
1606229357,80,,Aggregated,120.600000,0.000000,130,150,170,190,270,380,480,660,4800,5600,6000,33457,0,130.0,172.7771595331411,47.23309999099001,5994.551500014495,10363.893624652539
1606229358,80,,Aggregated,121.400000,0.000000,130,150,170,190,270,380,480,650,4800,5600,6000,33577,0,130.0,172.80840253746734,47.23309999099001,5994.551500014495,10369.111594246062
1606229359,80,,Aggregated,119.500000,0.000000,130,150,170,190,270,380,480,650,4800,5600,6000,33719,0,130.0,172.8102763308637,47.23309999099001,5994.551500014495,10371.797235979715
1606229360,80,,Aggregated,121.500000,0.000000,130,150,170,190,270,380,480,650,4800,5600,6000,33826,0,130.0,172.69644102762214,47.23309999099001,5994.551500014495,10372.00517353515
1606229361,80,,Aggregated,118.900000,0.000000,130,150,170,190,270,380,480,650,4800,5600,6000,33949,0,130.0,172.67559103656768,47.23309999099001,5994.551500014495,10374.08315414298
1606229362,80,,Aggregated,119.300000,0.000000,130,150,170,190,270,380,480,650,4700,5600,6000,34078,0,130.0,172.75735652034433,47.23309999099001,5994.551500014495,10378.449674276659
1606229363,80,,Aggregated,121.200000,0.000000,130,150,170,190,270,380,480,650,4700,5600,6000,34194,0,130.0,172.62079835643706,47.23309999099001,5994.551500014495,10381.165087442241
1606229364,80,,Aggregated,119.500000,0.000000,130,150,170,190,270,380,480,640,4700,5600,6000,34324,0,130.0,172.5725608524659,47.23309999099001,5994.551500014495,10382.578283416851
1606229365,80,,Aggregated,119.800000,0.000000,130,150,170,190,270,380,480,640,4700,5600,6000,34450,0,130.0,172.4508929143692,47.23309999099001,5994.551500014495,10381.799622641509
1606229366,80,,Aggregated,121.600000,0.000000,130,150,170,190,270,380,480,640,4700,5600,6000,34572,0,130.0,172.31069319391443,47.23309999099001,5994.551500014495,10382.03488372093
1606229367,80,,Aggregated,119.600000,0.000000,130,150,170,190,270,380,480,640,4700,5600,6000,34699,0,130.0,172.20633097783247,47.23309999099001,5994.551500014495,10379.220380990806
1606229368,80,,Aggregated,121.800000,0.000000,130,150,170,190,270,380,470,640,4700,5600,6000,34832,0,130.0,172.11072879822345,47.23309999099001,5994.551500014495,10375.4740755627
1606229369,80,,Aggregated,121.900000,0.000000,130,150,170,190,270,380,470,640,4700,5600,6000,34955,0,130.0,172.03760686596306,47.23309999099001,5994.551500014495,10372.661507652696
